-- Insert sample users
INSERT INTO users (id, name, age, explicit_content, include_owned, include_recent) VALUES
('00000000-0000-0000-0000-000000000001', 'Dimitrije Gasic', 22, true, true, false),
('00000000-0000-0000-0000-000000000002', 'Masa Ivanov', 23, true, true, false),
('00000000-0000-0000-0000-000000000003', 'Popara', 13, false, false, true);

-- Insert sample genres
INSERT INTO genres (id, name) VALUES
('10000000-0000-0000-0000-000000000001', 'Rock'),
('10000000-0000-0000-0000-000000000002', 'Pop'),
('10000000-0000-0000-0000-000000000003', 'Jazz'),
('10000000-0000-0000-0000-000000000004', 'Hip Hop'),
('10000000-0000-0000-0000-000000000005', 'Electronic'),
('10000000-0000-0000-0000-000000000006', 'Classical'),
('10000000-0000-0000-0000-000000000007', 'Country'),
('10000000-0000-0000-0000-000000000008', 'R&B'),
('10000000-0000-0000-0000-000000000009', 'Metal'),
('10000000-0000-0000-0000-000000000010', 'Indie');

-- Insert sample profiles with target audio features
INSERT INTO profiles (id, name, danceability, energy, speechiness, acousticness, instrumentalness, liveness, valence) VALUES
('30000000-0000-0000-0000-000000000001', 'High Energy Rock', 0.6, 0.85, 0.05, 0.2, 0.1, 0.15, 0.7),
('30000000-0000-0000-0000-000000000002', 'Chill Vibes', 0.5, 0.4, 0.04, 0.7, 0.5, 0.1, 0.6),
('30000000-0000-0000-0000-000000000003', 'Dance Party', 0.85, 0.8, 0.08, 0.15, 0.0, 0.2, 0.9);

-- Dimitrije Gasic
-- Insert user genre preferences (missing genres are interpreted as 0)
INSERT INTO user_genre_preferences (user_id, genre_id, preference) VALUES
('00000000-0000-0000-0000-000000000001', '10000000-0000-0000-0000-000000000001', 0.9),  -- Rock
('00000000-0000-0000-0000-000000000001', '10000000-0000-0000-0000-000000000005', 0.85), -- Electronic
('00000000-0000-0000-0000-000000000001', '10000000-0000-0000-0000-000000000009', 0.8),  -- Metal
('00000000-0000-0000-0000-000000000001', '10000000-0000-0000-0000-000000000010', 0.75); -- Indie

-- Masa Ivanov
INSERT INTO user_genre_preferences (user_id, genre_id, preference) VALUES
('00000000-0000-0000-0000-000000000002', '10000000-0000-0000-0000-000000000002', 0.95), -- Pop
('00000000-0000-0000-0000-000000000002', '10000000-0000-0000-0000-000000000008', 0.88), -- R&B
('00000000-0000-0000-0000-000000000002', '10000000-0000-0000-0000-000000000004', 0.82), -- Hip Hop
('00000000-0000-0000-0000-000000000002', '10000000-0000-0000-0000-000000000003', 0.7);  -- Jazz

-- Popara (13 yo)
INSERT INTO user_genre_preferences (user_id, genre_id, preference) VALUES
('00000000-0000-0000-0000-000000000003', '10000000-0000-0000-0000-000000000002', 0.92), -- Pop
('00000000-0000-0000-0000-000000000003', '10000000-0000-0000-0000-000000000007', 0.78), -- Country
('00000000-0000-0000-0000-000000000003', '10000000-0000-0000-0000-000000000006', 0.65); -- Classical

-- Insert sample tracks with audio features
INSERT INTO tracks (id, title, artist, release_year, explicit, duration, danceability, energy, speechiness, acousticness, instrumentalness, liveness, valence) VALUES
('20000000-0000-0000-0000-000000000001', 'Thunder Road', 'Bruce Springsteen', 1975, false, 289, 0.52, 0.68, 0.04, 0.35, 0.0, 0.12, 0.72),
('20000000-0000-0000-0000-000000000002', 'Blinding Lights', 'The Weeknd', 2019, false, 200, 0.78, 0.82, 0.06, 0.11, 0.0, 0.09, 0.44),
('20000000-0000-0000-0000-000000000003', 'Take Five', 'Dave Brubeck', 1959, false, 324, 0.45, 0.38, 0.04, 0.76, 0.89, 0.11, 0.58),
('20000000-0000-0000-0000-000000000004', 'HUMBLE.', 'Kendrick Lamar', 2017, true, 177, 0.75, 0.61, 0.29, 0.08, 0.0, 0.33, 0.42),
('20000000-0000-0000-0000-000000000005', 'Strobe', 'deadmau5', 2009, false, 631, 0.61, 0.72, 0.04, 0.02, 0.92, 0.18, 0.31),
('20000000-0000-0000-0000-000000000006', 'Clair de Lune', 'Claude Debussy', 1905, false, 305, 0.28, 0.15, 0.04, 0.95, 0.96, 0.11, 0.24),
('20000000-0000-0000-0000-000000000007', 'Jolene', 'Dolly Parton', 1973, false, 162, 0.58, 0.51, 0.04, 0.72, 0.0, 0.13, 0.39),
('20000000-0000-0000-0000-000000000008', 'Superstition', 'Stevie Wonder', 1972, false, 246, 0.71, 0.82, 0.05, 0.22, 0.0, 0.35, 0.89),
('20000000-0000-0000-0000-000000000009', 'Master of Puppets', 'Metallica', 1986, false, 515, 0.42, 0.95, 0.08, 0.01, 0.18, 0.24, 0.28),
('20000000-0000-0000-0000-000000000010', 'Mr. Brightside', 'The Killers', 2003, false, 222, 0.65, 0.88, 0.06, 0.08, 0.0, 0.31, 0.52),
('20000000-0000-0000-0000-000000000011', 'Shape of You', 'Ed Sheeran', 2017, false, 233, 0.83, 0.65, 0.08, 0.58, 0.0, 0.09, 0.93),
('20000000-0000-0000-0000-000000000012', 'So What', 'Miles Davis', 1959, false, 562, 0.38, 0.29, 0.05, 0.89, 0.95, 0.87, 0.47),
('20000000-0000-0000-0000-000000000013', 'Lose Yourself', 'Eminem', 2002, true, 326, 0.62, 0.76, 0.24, 0.12, 0.0, 0.11, 0.56),
('20000000-0000-0000-0000-000000000014', 'Bohemian Rhapsody', 'Queen', 1975, false, 354, 0.48, 0.59, 0.05, 0.31, 0.0, 0.22, 0.41),
('20000000-0000-0000-0000-000000000015', 'Midnight City', 'M83', 2011, false, 244, 0.59, 0.81, 0.04, 0.04, 0.72, 0.09, 0.67);

-- Insert track-genre associations
INSERT INTO track_genres (track_id, genre_id) VALUES
-- Thunder Road - Rock
('20000000-0000-0000-0000-000000000001', '10000000-0000-0000-0000-000000000001'),
-- Blinding Lights - Pop, R&B
('20000000-0000-0000-0000-000000000002', '10000000-0000-0000-0000-000000000002'),
('20000000-0000-0000-0000-000000000002', '10000000-0000-0000-0000-000000000008'),
-- Take Five - Jazz
('20000000-0000-0000-0000-000000000003', '10000000-0000-0000-0000-000000000003'),
-- HUMBLE. - Hip Hop
('20000000-0000-0000-0000-000000000004', '10000000-0000-0000-0000-000000000004'),
-- Strobe - Electronic
('20000000-0000-0000-0000-000000000005', '10000000-0000-0000-0000-000000000005'),
-- Clair de Lune - Classical
('20000000-0000-0000-0000-000000000006', '10000000-0000-0000-0000-000000000006'),
-- Jolene - Country
('20000000-0000-0000-0000-000000000007', '10000000-0000-0000-0000-000000000007'),
-- Superstition - R&B
('20000000-0000-0000-0000-000000000008', '10000000-0000-0000-0000-000000000008'),
-- Master of Puppets - Metal
('20000000-0000-0000-0000-000000000009', '10000000-0000-0000-0000-000000000009'),
-- Mr. Brightside - Rock, Indie
('20000000-0000-0000-0000-000000000010', '10000000-0000-0000-0000-000000000001'),
('20000000-0000-0000-0000-000000000010', '10000000-0000-0000-0000-000000000010'),
-- Shape of You - Pop
('20000000-0000-0000-0000-000000000011', '10000000-0000-0000-0000-000000000002'),
-- So What - Jazz
('20000000-0000-0000-0000-000000000012', '10000000-0000-0000-0000-000000000003'),
-- Lose Yourself - Hip Hop
('20000000-0000-0000-0000-000000000013', '10000000-0000-0000-0000-000000000004'),
-- Bohemian Rhapsody - Rock
('20000000-0000-0000-0000-000000000014', '10000000-0000-0000-0000-000000000001'),
-- Midnight City - Electronic, Indie
('20000000-0000-0000-0000-000000000015', '10000000-0000-0000-0000-000000000005'),
('20000000-0000-0000-0000-000000000015', '10000000-0000-0000-0000-000000000010');
